Date,Name,Year,Letterboxd URI,Rating
2026-01-27,The Shawshank Redemption,1994,https://boxd.it/2aHi,5
2026-01-27,The Party,2017,https://boxd.it/eEVS,4
2026-01-27,Chinatown,1974,https://boxd.it/29vU,4.5
2026-01-27,Gangs of Wasseypur – Part 1,2012,https://boxd.it/3UHK,4.5
2026-01-27,I Am Sam,2001,https://boxd.it/1V04,5
2026-01-28,Zoolander,2001,https://boxd.it/1YMA,1
2026-01-28,Zoolander 2,2016,https://boxd.it/aNBE,1
2026-01-28,Tropic Thunder,2008,https://boxd.it/20WM,3.5
2026-01-28,The Secret Life of Walter Mitty,2013,https://boxd.it/3SWy,4
2026-01-30,Mickey 17,2025,https://boxd.it/q1Dk,2.5
2026-01-30,Snowpiercer,2013,https://boxd.it/3Icg,3.5
2026-01-30,Memories of Murder,2003,https://boxd.it/1TSo,5
2026-01-30,Lage Raho Munna Bhai,2006,https://boxd.it/1BRs,3.5
2026-01-30,Dunki,2023,https://boxd.it/Ahr0,1
2026-01-30,Munna Bhai M.B.B.S.,2003,https://boxd.it/1ENy,4
2026-01-30,Darkest Hour,2017,https://boxd.it/dZZa,4
2026-01-30,Nuremberg,2025,https://boxd.it/K6qU,3
2026-01-30,Bugonia,2025,https://boxd.it/qeWY,3
2026-01-30,F1,2025,https://boxd.it/yjVM,5
2026-01-30,Frankenstein,2025,https://boxd.it/Ecsg,3
2026-01-30,One Battle After Another,2025,https://boxd.it/DUHM,3
2026-01-30,Sinners,2025,https://boxd.it/KQMM,3
2026-01-30,There Will Be Blood,2007,https://boxd.it/20Z2,5
2026-01-30,Punch-Drunk Love,2002,https://boxd.it/20E4,3
2026-01-30,Phantom Thread,2017,https://boxd.it/e4uc,4
2026-01-30,Magnolia,1999,https://boxd.it/2aze,3.5
2026-01-30,The Master,2012,https://boxd.it/2cBG,3.5
2026-01-30,Boogie Nights,1997,https://boxd.it/23um,3
2026-01-31,Ratatouille,2007,https://boxd.it/27ww,5
2026-01-31,Incendies,2010,https://boxd.it/Msm,4.5
2026-01-31,Enemy,2013,https://boxd.it/5xtO,3
2026-01-31,Prisoners,2013,https://boxd.it/4E5i,4.5
2026-01-31,Blade Runner 2049,2017,https://boxd.it/b8wK,5
2026-01-31,Arrival,2016,https://boxd.it/aNGk,5
2026-01-31,Dune,2021,https://boxd.it/fA7G,5
2026-01-31,Dune: Part Two,2024,https://boxd.it/pUfA,4.5
2026-01-31,Sicario,2015,https://boxd.it/8i7u,4
2026-01-31,The Batman,2022,https://boxd.it/eDGs,4.5
2026-01-31,Hostiles,2017,https://boxd.it/dpiO,2
2026-01-31,Out of the Furnace,2013,https://boxd.it/572i,3.5
2026-01-31,Public Enemies,2009,https://boxd.it/1U8m,3.5
2026-01-31,The Pale Blue Eye,2022,https://boxd.it/u8tk,3
2026-01-31,American Hustle,2013,https://boxd.it/5dz8,3.5
2026-01-31,Amsterdam,2022,https://boxd.it/oJ58,2.5
2026-01-31,Vice,2018,https://boxd.it/fcFY,4.5
2026-01-31,Ford v Ferrari,2019,https://boxd.it/ce74,5
2026-01-31,The Big Short,2015,https://boxd.it/ajZw,4.5
2026-01-31,Thor: Love and Thunder,2022,https://boxd.it/mMAY,3
2026-01-31,American Psycho,2000,https://boxd.it/28Vs,4.5
2026-01-31,"The French Dispatch of the Liberty, Kansas Evening Sun",2021,https://boxd.it/jLP8,4
2026-01-31,Interstellar,2014,https://boxd.it/4VZ8,5
2026-01-31,Oppenheimer,2023,https://boxd.it/wUow,5
2026-01-31,The Dark Knight,2008,https://boxd.it/2b0k,5
2026-01-31,Inception,2010,https://boxd.it/1skk,4
2026-01-31,Memento,2000,https://boxd.it/2bcK,3
2026-01-31,The Dark Knight Rises,2012,https://boxd.it/H3m,5
2026-01-31,Tenet,2020,https://boxd.it/leq4,3.5
2026-01-31,Batman Begins,2005,https://boxd.it/2aIg,5
2026-01-31,The Prestige,2006,https://boxd.it/293w,4
2026-01-31,Insomnia,2002,https://boxd.it/2aB0,5
2026-01-31,The King,2019,https://boxd.it/ieZs,4.5
2026-01-31,Call Me by Your Name,2017,https://boxd.it/dYmm,3
2026-01-31,Don't Look Up,2021,https://boxd.it/o0Hc,2
2026-01-31,A Complete Unknown,2024,https://boxd.it/oBYa,3
2026-01-31,Fantastic Mr. Fox,2009,https://boxd.it/1WyQ,4
2026-01-31,Asteroid City,2023,https://boxd.it/s3ds,3
2026-01-31,The Darjeeling Limited,2007,https://boxd.it/24as,4.5
2026-01-31,Rushmore,1998,https://boxd.it/1TAO,4
2026-01-31,"The Good, the Bad and the Ugly",1966,https://boxd.it/2ape,4
2026-01-31,Million Dollar Baby,2004,https://boxd.it/2bdI,3
2026-01-31,American Sniper,2014,https://boxd.it/5LDy,4
2026-01-31,A Fistful of Dollars,1964,https://boxd.it/2auo,4
2026-01-31,For a Few Dollars More,1965,https://boxd.it/29eu,4
2026-01-31,Snatch,2000,https://boxd.it/2b7U,5
2026-01-31,Weapons,2025,https://boxd.it/EMTM,2.5
2026-01-31,Shutter Island,2010,https://boxd.it/1U82,5
2026-01-31,Little Miss Sunshine,2006,https://boxd.it/29EW,4
2026-01-31,Beautiful Boy,2018,https://boxd.it/g76Q,4
2026-01-31,"Crazy, Stupid, Love.",2011,https://boxd.it/D9A,4.5
2026-01-31,Despicable Me,2010,https://boxd.it/1DD8,4
2026-01-31,Despicable Me 4,2024,https://boxd.it/iOLG,4
2026-01-31,Despicable Me 2,2013,https://boxd.it/3gg0,4
2026-01-31,The 40 Year Old Virgin,2005,https://boxd.it/21hK,5
2026-01-31,Bruce Almighty,2003,https://boxd.it/2aCC,4
2026-01-31,Despicable Me 3,2017,https://boxd.it/azpu,4
2026-01-31,Anchorman 2: The Legend Continues,2013,https://boxd.it/3GNk,2.5
2026-01-31,Anchorman: The Legend of Ron Burgundy,2004,https://boxd.it/1ZVo,4
2026-01-31,Get Smart,2008,https://boxd.it/1Tig,3.5
2026-01-31,Eternal Sunshine of the Spotless Mind,2004,https://boxd.it/6YK,4
2026-01-31,Poor Things,2023,https://boxd.it/tNWU,3.5
2026-01-31,Avengers: Infinity War,2018,https://boxd.it/9vEe,4
2026-01-31,Avengers: Endgame,2019,https://boxd.it/9vE4,4
2026-01-31,The Avengers,2012,https://boxd.it/1xFW,5
2026-01-31,Zodiac,2007,https://boxd.it/27MO,5
2026-01-31,Thor: Ragnarok,2017,https://boxd.it/8MHi,3.5
2026-01-31,Avengers: Age of Ultron,2015,https://boxd.it/3qi6,4
2026-01-31,Captain Marvel,2019,https://boxd.it/9vSA,2
2026-01-31,Iron Man 3,2013,https://boxd.it/2cBQ,4
2026-01-31,Shang-Chi and the Legend of the Ten Rings,2021,https://boxd.it/kLDI,3.5
2026-01-31,Now You See Me,2013,https://boxd.it/2Bsu,4
2026-01-31,Now You See Me: Now You Don't,2025,https://boxd.it/f3i2,2.5
2026-01-31,Now You See Me 2,2016,https://boxd.it/99fw,3.5
2026-01-31,Spotlight,2015,https://boxd.it/a84k,4.5
2026-01-31,Superbad,2007,https://boxd.it/20hO,5
2026-01-31,21 Jump Street,2012,https://boxd.it/J0,5
2026-01-31,22 Jump Street,2014,https://boxd.it/5Fvy,4.5
2026-01-31,The Disaster Artist,2017,https://boxd.it/cTqc,3
2026-01-31,Neighbors,2014,https://boxd.it/5Txe,4
2026-01-31,Milk,2008,https://boxd.it/1WZC,3.5
2026-01-31,Neighbors 2: Sorority Rising,2016,https://boxd.it/aA80,4
2026-01-31,The Game,1997,https://boxd.it/26vC,4.5
2026-01-31,Carlito's Way,1993,https://boxd.it/226e,3
2026-01-31,Mystic River,2003,https://boxd.it/2aAG,4.5
2026-01-31,The Angry Birds Movie,2016,https://boxd.it/4PBu,5
2026-01-31,The Angry Birds Movie 2,2019,https://boxd.it/gdL6,3.5
2026-01-31,The Emoji Movie,2017,https://boxd.it/d9x4,2.5
2026-01-31,Top Gun: Maverick,2022,https://boxd.it/cjr4,3.5
2026-01-31,Eyes Wide Shut,1999,https://boxd.it/2axs,4.5
2026-01-31,Top Gun,1986,https://boxd.it/29JC,4
2026-01-31,Mission: Impossible – Dead Reckoning,2023,https://boxd.it/l7zS,5
2026-01-31,Mission: Impossible – The Final Reckoning,2025,https://boxd.it/l7A2,4
2026-01-31,Mission: Impossible – Fallout,2018,https://boxd.it/bSVc,5
2026-01-31,Edge of Tomorrow,2014,https://boxd.it/4pD0,4
2026-01-31,Collateral,2004,https://boxd.it/28F0,4.5
2026-01-31,Minority Report,2002,https://boxd.it/2aWi,3
2026-01-31,Vanilla Sky,2001,https://boxd.it/27TK,4
2026-01-31,Oblivion,2013,https://boxd.it/2Bzq,3.5
2026-01-31,A Few Good Men,1992,https://boxd.it/29nw,5
2026-01-31,Jerry Maguire,1996,https://boxd.it/1YNS,4
2026-01-31,Jack Reacher,2012,https://boxd.it/2BUo,3.5
2026-01-31,American Made,2017,https://boxd.it/bb66,4
2026-01-31,Valkyrie,2008,https://boxd.it/275g,3
2026-01-31,Jack Reacher: Never Go Back,2016,https://boxd.it/buAY,3
2026-01-31,Spider-Man: Far From Home,2019,https://boxd.it/fegG,4
2026-01-31,Captain America: The Winter Soldier,2014,https://boxd.it/3r58,4.5
2026-01-31,Pulp Fiction,1994,https://boxd.it/29Pq,5
2026-01-31,Inglourious Basterds,2009,https://boxd.it/1JzG,5
2026-01-31,Django Unchained,2012,https://boxd.it/2cCk,5
2026-01-31,Iron Man,2008,https://boxd.it/28dA,5
2026-01-31,Star Wars: Episode III – Revenge of the Sith,2005,https://boxd.it/27US,4
2026-01-31,GoodFellas,1990,https://boxd.it/29FA,4
2026-01-31,The Incredibles,2004,https://boxd.it/1XLm,4
2026-01-31,Star Wars: Episode I – The Phantom Menace,1999,https://boxd.it/27Vc,4
2026-01-31,Star Wars: Episode II – Attack of the Clones,2002,https://boxd.it/27V2,4.5
2026-01-31,Captain America: The First Avenger,2011,https://boxd.it/28b0,5
2026-01-31,Iron Man 2,2010,https://boxd.it/1WZM,3
2026-01-31,Star Wars: The Rise of Skywalker,2019,https://boxd.it/5xlK,4.5
2026-01-31,Incredibles 2,2018,https://boxd.it/7IPg,3.5
2026-01-31,Thor,2011,https://boxd.it/1WQU,4.5
2026-01-31,Kingsman: The Secret Service,2014,https://boxd.it/6dxe,4.5
2026-01-31,The Hateful Eight,2015,https://boxd.it/8gw8,5
2026-01-31,Jackie Brown,1997,https://boxd.it/2aVO,2.5
2026-01-31,Argylle,2024,https://boxd.it/w1kk,3
2026-01-31,The Other Guys,2010,https://boxd.it/1rtq,4
2026-01-31,Kill Bill: The Whole Bloody Affair,2004,https://boxd.it/eCrQ,5
2026-01-31,Free Guy,2021,https://boxd.it/k8dm,3.5
2026-01-31,Jumanji: Welcome to the Jungle,2017,https://boxd.it/bUeE,4
2026-01-31,The Smashing Machine,2025,https://boxd.it/syUC,3.5
2026-01-31,Jumanji: The Next Level,2019,https://boxd.it/ixu4,3.5
2026-01-31,Black Adam,2022,https://boxd.it/fup0,2.5
2026-01-31,Red One,2024,https://boxd.it/vTBM,2
2026-01-31,Jungle Cruise,2021,https://boxd.it/g4YK,3
2026-01-31,Central Intelligence,2016,https://boxd.it/9DFE,4.5
2026-01-31,Baywatch,2017,https://boxd.it/biG6,3.5
2026-01-31,Fast & Furious Presents: Hobbs & Shaw,2019,https://boxd.it/dnDA,4
2026-01-31,San Andreas,2015,https://boxd.it/7sUa,3.5
2026-01-31,Rampage,2018,https://boxd.it/f9a4,3.5
2026-01-31,DC League of Super-Pets,2022,https://boxd.it/jFTI,4
2026-01-31,Skyscraper,2018,https://boxd.it/fVqa,4.5
2026-01-31,Hall Pass,2011,https://boxd.it/H8G,4
2026-01-31,Can You Keep a Secret?,2019,https://boxd.it/jAma,3
2026-01-31,Turbo,2013,https://boxd.it/2Hzw,3.5
2026-01-31,The Hitman's Bodyguard,2017,https://boxd.it/dCmO,4
2026-01-31,Hitman's Wife's Bodyguard,2021,https://boxd.it/iZdq,3.5
2026-01-31,The Unholy Trinity,2024,https://boxd.it/JmeI,3.5
2026-01-31,The Menu,2022,https://boxd.it/lScm,3.5
2026-01-31,Furiosa: A Mad Max Saga,2024,https://boxd.it/tABk,3.5
2026-01-31,The Gorge,2025,https://boxd.it/zRqK,2.5
2026-01-31,Radioactive,2019,https://boxd.it/hhpU,4.5
2026-01-31,The New Mutants,2020,https://boxd.it/bjle,1
2026-01-31,The Matrix Resurrections,2021,https://boxd.it/n87k,3
2026-01-31,Heads of State,2025,https://boxd.it/s9tG,2.5
2026-01-31,Planes,2013,https://boxd.it/4Na2,4
2026-01-31,Dil Dhadakne Do,2015,https://boxd.it/bdZC,5
2026-01-31,Ra.One,2011,https://boxd.it/ZbS,4.5
2026-01-31,Don 2,2011,https://boxd.it/10am,4
2026-01-31,Krrish,2006,https://boxd.it/1gCw,4
2026-01-31,Don,2006,https://boxd.it/1IAI,5
2026-01-31,Krrish 3,2013,https://boxd.it/68tm,2.5
2026-01-31,Mary Kom,2014,https://boxd.it/8Nbi,3
2026-01-31,Gunday,2014,https://boxd.it/7l8I,4
2026-01-31,36 China Town,2006,https://boxd.it/1DZe,5
2026-01-31,The Station Agent,2003,https://boxd.it/27xu,2.5
2026-01-31,The Grand Budapest Hotel,2014,https://boxd.it/3ZqO,4
2026-01-31,Cars,2006,https://boxd.it/29ho,5
2026-01-31,Midnight in Paris,2011,https://boxd.it/i4a,4
2026-01-31,Cars 2,2011,https://boxd.it/H4Y,3.5
2026-01-31,Cars 3,2017,https://boxd.it/7IPq,4.5
2026-01-31,Wedding Crashers,2005,https://boxd.it/1Yte,4
2026-01-31,The Internship,2013,https://boxd.it/3SWS,4
2026-01-31,Mr. & Mrs. Smith,2005,https://boxd.it/29CG,4
2026-01-31,Hacksaw Ridge,2016,https://boxd.it/azew,5
2026-01-31,The Pianist,2002,https://boxd.it/2aqc,4
2026-01-31,The Brutalist,2024,https://boxd.it/k4BO,2
2026-01-31,See How They Run,2022,https://boxd.it/sNVq,3
2026-01-31,Doctor Strange in the Multiverse of Madness,2022,https://boxd.it/gaTc,2
2026-01-31,Doctor Strange,2016,https://boxd.it/8MH8,4
2026-01-31,Game Night,2018,https://boxd.it/fRtu,3.5
2026-01-31,Sherlock Holmes,2009,https://boxd.it/1W2A,4.5
2026-01-31,Southpaw,2015,https://boxd.it/9Phu,2
2026-01-31,Sherlock Holmes: A Game of Shadows,2011,https://boxd.it/k3S,3.5
2026-01-31,Bohemian Rhapsody,2018,https://boxd.it/f1TK,5
2026-01-31,No Time to Die,2021,https://boxd.it/cPX2,3.5
2026-01-31,The Amateur,2025,https://boxd.it/F9NW,3.5
2026-01-31,The Little Things,2021,https://boxd.it/mdxU,2.5
2026-01-31,Need for Speed,2014,https://boxd.it/4p90,4
2026-01-31,Joker,2019,https://boxd.it/h4cS,4.5
2026-01-31,Gladiator,2000,https://boxd.it/2b9m,4.5
2026-01-31,Napoleon,2023,https://boxd.it/shJM,4
2026-01-31,Mud,2012,https://boxd.it/3wPA,3.5
2026-01-31,Shazam!,2019,https://boxd.it/8WBu,3.5
2026-01-31,Shazam! Fury of the Gods,2023,https://boxd.it/lV0S,2
2026-01-31,American Pie 2,2001,https://boxd.it/26kO,4
2026-01-31,American Pie,1999,https://boxd.it/27qy,4
2026-01-31,Still Alice,2014,https://boxd.it/8Nhq,3.5
2026-01-31,Barbie,2023,https://boxd.it/bCLK,4.5
2026-01-31,Megamind,2010,https://boxd.it/16Sk,4
2026-01-31,Step Brothers,2008,https://boxd.it/1SsE,3.5
2026-01-31,Talladega Nights: The Ballad of Ricky Bobby,2006,https://boxd.it/1XYq,3.5
2026-01-31,Daddy's Home,2015,https://boxd.it/8jSc,2.5
2026-01-31,Daddy's Home 2,2017,https://boxd.it/ePpI,2.5
2026-01-31,The Campaign,2012,https://boxd.it/2Hz2,3.5
2026-01-31,La La Land,2016,https://boxd.it/a5fa,4
2026-01-31,Drive,2011,https://boxd.it/IG,3
2026-01-31,The Fall Guy,2024,https://boxd.it/s0Bm,2.5
2026-01-31,The Nice Guys,2016,https://boxd.it/94Hg,4.5
2026-01-31,The Place Beyond the Pines,2012,https://boxd.it/3mDu,3
2026-01-31,The Gray Man,2022,https://boxd.it/rb7q,2.5
2026-01-31,First Man,2018,https://boxd.it/cPym,4.5
2026-01-31,The Ides of March,2011,https://boxd.it/1WyG,4
2026-01-31,We're the Millers,2013,https://boxd.it/4srQ,4
2026-01-31,Ted,2012,https://boxd.it/2pgc,3
2026-01-31,Ted 2,2015,https://boxd.it/6oCY,3
2026-01-31,Identity Thief,2013,https://boxd.it/3GOW,3
2026-01-31,The Mask,1994,https://boxd.it/29rS,3
2026-01-31,Gangs of New York,2002,https://boxd.it/25FG,4.5
2026-01-31,Lincoln,2012,https://boxd.it/2n2s,5
2026-01-31,The Counselor,2013,https://boxd.it/3G6K,3
2026-01-31,Murder Mystery,2019,https://boxd.it/iEBm,3
2026-01-31,Murder Mystery 2,2023,https://boxd.it/nHOo,2
2026-01-31,Horrible Bosses 2,2014,https://boxd.it/6HWy,4.5
2026-01-31,Horrible Bosses,2011,https://boxd.it/Ba2,4.5
2026-01-31,The Social Network,2010,https://boxd.it/17ue,4.5
2026-01-31,A Real Pain,2024,https://boxd.it/CjNG,2
2026-01-31,Zombieland,2009,https://boxd.it/1En6,3.5
2026-01-31,Batman v Superman: Dawn of Justice,2016,https://boxd.it/6fBW,4
2026-01-31,Justice League,2017,https://boxd.it/4w68,2
2026-01-31,Zombieland: Double Tap,2019,https://boxd.it/bgb6,2.5
2026-01-31,30 Minutes or Less,2011,https://boxd.it/bRa,4
2026-01-31,No Country for Old Men,2007,https://boxd.it/21ew,5
2026-01-31,Triangle of Sadness,2022,https://boxd.it/hXlq,3.5
2026-01-31,Venom,2018,https://boxd.it/b8wA,4
2026-01-31,"Three Billboards Outside Ebbing, Missouri",2017,https://boxd.it/ceBS,4.5
2026-01-31,2012,2009,https://boxd.it/1OE2,3.5
2026-01-31,The Man from Toronto,2022,https://boxd.it/oRgS,2.5
2026-01-31,The Great Gatsby,2013,https://boxd.it/JY,3
2026-01-31,Rango,2011,https://boxd.it/QPk,2
2026-01-31,Nocturnal Animals,2016,https://boxd.it/bkFu,4
2026-01-31,Tag,2018,https://boxd.it/gh7Y,4.5
2026-01-31,The Wolf of Wall Street,2013,https://boxd.it/3C1m,4
2026-01-31,Moneyball,2011,https://boxd.it/glS,4
2026-01-31,This Is the End,2013,https://boxd.it/3GB4,3.5
2026-01-31,True Story,2015,https://boxd.it/7dmC,2.5
2026-01-31,Scott Pilgrim vs. the World,2010,https://boxd.it/1Aq6,3.5
2026-01-31,Star Wars: The Force Awakens,2015,https://boxd.it/4vru,4
2026-01-31,Finding Dory,2016,https://boxd.it/4aAA,4
2026-01-31,Trainwreck,2015,https://boxd.it/8bdA,2.5
2026-01-31,Pineapple Express,2008,https://boxd.it/1WRS,4.5
2026-01-31,Dumb Money,2023,https://boxd.it/tNdU,3
2026-01-31,The Night Before,2015,https://boxd.it/9n9W,4
2026-01-31,The Amazing Spider-Man,2012,https://boxd.it/27PI,4
2026-01-31,Birdman or (The Unexpected Virtue of Ignorance),2014,https://boxd.it/5RFA,4.5
2026-01-31,The Interview,2014,https://boxd.it/6KQ4,3.5
2026-01-31,Movie 43,2013,https://boxd.it/37qK,4.5
2026-01-31,Spider-Man,2002,https://boxd.it/2a8i,4
2026-01-31,Spider-Man 2,2004,https://boxd.it/2a88,4
2026-01-31,Spider-Man 3,2007,https://boxd.it/2a7Y,3
2026-01-31,127 Hours,2010,https://boxd.it/SLa,3.5
2026-01-31,Why Him?,2016,https://boxd.it/c3Wq,4
2026-01-31,The Greatest Showman,2017,https://boxd.it/acjI,2.5
2026-01-31,Dirty Grandpa,2016,https://boxd.it/99pG,2.5
2026-01-31,Ant-Man,2015,https://boxd.it/3vmW,4
2026-01-31,Ant-Man and the Wasp,2018,https://boxd.it/cqUW,2.5
2026-01-31,Ant-Man and the Wasp: Quantumania,2023,https://boxd.it/nL2y,2.5
2026-01-31,The Shining,1980,https://boxd.it/29Nu,4
2026-01-31,One Flew Over the Cuckoo's Nest,1975,https://boxd.it/2aeA,3.5
2026-01-31,As Good as It Gets,1997,https://boxd.it/268y,3.5
2026-01-31,The Bucket List,2007,https://boxd.it/20Ye,3.5
2026-01-31,The Substance,2024,https://boxd.it/zanS,2.5
2026-01-31,Spider-Man: Homecoming,2017,https://boxd.it/aboM,4.5
2026-01-31,Spider-Man: No Way Home,2021,https://boxd.it/nwRw,4
2026-01-31,End of Watch,2012,https://boxd.it/2F5O,2.5
2026-01-31,Léon: The Professional,1994,https://boxd.it/2b8S,2.5
2026-01-31,Suicide Squad,2016,https://boxd.it/9row,4
2026-01-31,The Suicide Squad,2021,https://boxd.it/fw6O,3
2026-01-31,The Girl with the Dragon Tattoo,2011,https://boxd.it/2Pa,3.5
2026-01-31,Toy Story 3,2010,https://boxd.it/1WRe,4
2026-01-31,The Flash,2023,https://boxd.it/9twC,1
2026-01-31,The Founder,2016,https://boxd.it/9XwM,3.5
2026-01-31,Morbius,2022,https://boxd.it/j978,2
2026-01-31,La Haine,1995,https://boxd.it/2as8,4.5
2026-01-31,Ocean's Thirteen,2007,https://boxd.it/2aEy,4
2026-01-31,Black Swan,2010,https://boxd.it/Sw0,3
2026-02-01,Kill Bill: Vol. 1,2003,https://boxd.it/70w,3.5
2026-02-01,Kill Bill: Vol. 2,2004,https://boxd.it/2au4,4
2026-02-01,Burnt,2015,https://boxd.it/9mVg,3
2026-02-01,The Old Guard 2,2025,https://boxd.it/vUSk,3
2026-02-01,Ocean's Twelve,2004,https://boxd.it/2aZ2,4.5
2026-02-01,Once Upon a Time... in Hollywood,2019,https://boxd.it/gH0O,3.5
2026-02-01,Reservoir Dogs,1992,https://boxd.it/2agc,3
2026-02-01,The Killer,2023,https://boxd.it/u6WE,3
2026-02-01,X-Men: Days of Future Past,2014,https://boxd.it/4aRw,3.5
2026-02-01,12 Years a Slave,2013,https://boxd.it/2D2e,4.5
2026-02-01,X-Men: First Class,2011,https://boxd.it/FOA,4
2026-02-01,Prometheus,2012,https://boxd.it/2s9e,4.5
2026-02-01,Alien: Covenant,2017,https://boxd.it/49UY,4.5
2026-02-01,X-Men: Apocalypse,2016,https://boxd.it/7eJi,3
2026-02-01,300,2006,https://boxd.it/28XI,3
2026-02-01,Black Bag,2025,https://boxd.it/KRbM,3
2026-02-01,Dark Phoenix,2019,https://boxd.it/anyO,3
2026-02-01,Shame,2011,https://boxd.it/2CxU,3.5
2026-02-01,Steve Jobs,2015,https://boxd.it/araG,4.5
2026-02-01,Eden Lake,2008,https://boxd.it/1Q1m,4
2026-02-01,Baby Driver,2017,https://boxd.it/bhF2,3.5
2026-02-01,The Amazing Spider-Man 2,2014,https://boxd.it/3utM,4
2026-02-01,Due Date,2010,https://boxd.it/YFs,3.5
2026-02-01,White House Down,2013,https://boxd.it/3TOg,3
2026-02-01,Project Power,2020,https://boxd.it/ml8S,2
2026-02-01,Killers of the Flower Moon,2023,https://boxd.it/gHp0,3.5
2026-02-01,Catch Me If You Can,2002,https://boxd.it/29VS,4.5
2026-02-01,Titanic,1997,https://boxd.it/2a2k,3.5
2026-02-01,The Departed,2006,https://boxd.it/28MA,5
2026-02-01,The Revenant,2015,https://boxd.it/8H5e,3.5
2026-02-01,The Aviator,2004,https://boxd.it/26BU,4
2026-02-01,J. Edgar,2011,https://boxd.it/38B0,4.5
2026-02-01,Fantastic Beasts: The Secrets of Dumbledore,2022,https://boxd.it/bg8Q,3.5
2026-02-01,Fight Club,1999,https://boxd.it/2a9q,4
2026-02-01,The Dictator,2012,https://boxd.it/2DEW,3.5
2026-02-01,The Incredible Hulk,2008,https://boxd.it/28dU,4
2026-02-01,Kingdom of Heaven,2005,https://boxd.it/28Gs,3.5
2026-02-01,The Bourne Legacy,2012,https://boxd.it/H16,3
2026-02-01,The Score,2001,https://boxd.it/1U0C,3.5
2026-02-01,Creed III,2023,https://boxd.it/pf68,3.5
2026-02-01,Magazine Dreams,2023,https://boxd.it/tv1w,2.5
2026-02-01,In Time,2011,https://boxd.it/FPS,3.5
2026-02-01,The Imitation Game,2014,https://boxd.it/6aig,4
2026-02-01,Atonement,2007,https://boxd.it/24ui,4
2026-02-01,The Courier,2020,https://boxd.it/iX7A,3
2026-02-01,Godzilla,2014,https://boxd.it/47OE,3
2026-02-01,Wind River,2017,https://boxd.it/dR3i,3.5
2026-02-01,Kodachrome,2017,https://boxd.it/ePjK,3.5
2026-02-01,Babylon,2022,https://boxd.it/mM02,4
2026-02-01,Focus,2015,https://boxd.it/7zl2,3
2026-02-01,Zootopia,2016,https://boxd.it/84xS,3.5
2026-02-01,Zootopia 2,2025,https://boxd.it/F0vO,3.5
2026-02-01,Up in the Air,2009,https://boxd.it/1zPY,4
2026-02-01,The Gift,2015,https://boxd.it/aJMy,4
2026-02-01,Scent of a Woman,1992,https://boxd.it/1YAu,4.5
2026-02-01,Capote,2005,https://boxd.it/2atq,3
2026-02-01,Dead Poets Society,1989,https://boxd.it/2aSg,3.5
2026-02-01,Ice Age: Dawn of the Dinosaurs,2009,https://boxd.it/20iC,4
2026-02-01,Ice Age,2002,https://boxd.it/2apS,4.5
2026-02-01,Ice Age: The Meltdown,2006,https://boxd.it/2wRk,3.5
2026-02-01,Ice Age: Continental Drift,2012,https://boxd.it/lQ2,4
2026-02-01,Ice Age: Collision Course,2016,https://boxd.it/8upq,5
2026-02-01,The Ice Age Adventures of Buck Wild,2022,https://boxd.it/t7Ou,4
2026-02-01,The Accountant,2016,https://boxd.it/9EhI,3.5
2026-02-01,The Accountant²,2025,https://boxd.it/wOm0,2.5
2026-02-01,Shot Caller,2017,https://boxd.it/bihA,3.5
2026-02-01,Casino Royale,2006,https://boxd.it/1alk,4
2026-02-01,Spectre,2015,https://boxd.it/6bXY,4
2026-02-01,Skyfall,2012,https://boxd.it/17Fc,4.5
2026-02-01,Quantum of Solace,2008,https://boxd.it/1Vs8,3
2026-02-01,Logan Lucky,2017,https://boxd.it/dZrs,3.5
2026-02-01,The Lobster,2015,https://boxd.it/7tnw,3.5
2026-02-01,Deadpool & Wolverine,2024,https://boxd.it/jq8s,3.5
2026-02-01,Thor: The Dark World,2013,https://boxd.it/2DqA,4
2026-02-01,Sunshine,2007,https://boxd.it/28Xy,4.5
2026-02-01,Gifted,2017,https://boxd.it/e5dG,4
2026-02-01,Ghosted,2023,https://boxd.it/wL1e,3
2026-02-01,Ocean's Eleven,2001,https://boxd.it/2aZm,4
2026-02-01,Gravity,2013,https://boxd.it/GZY,3.5
2026-02-01,Burn After Reading,2008,https://boxd.it/23BW,3.5
2026-02-01,Wolfs,2024,https://boxd.it/x6zG,2
2026-02-01,Tomorrowland,2015,https://boxd.it/4YaC,4
2026-02-01,Syriana,2005,https://boxd.it/2aOS,3
2026-02-01,Wonder Woman,2017,https://boxd.it/9roG,3
2026-02-01,Nobody,2021,https://boxd.it/mLqS,4
2026-02-01,Zack Snyder's Justice League,2021,https://boxd.it/tLOk,4.5
2026-02-01,Wonder Woman 1984,2020,https://boxd.it/gBtA,2
2026-02-01,Nobody 2,2025,https://boxd.it/C5Lc,2
2026-02-01,American Gangster,2007,https://boxd.it/23wi,3.5
2026-02-01,The Fantastic 4: First Steps,2025,https://boxd.it/mP6C,2
2026-02-01,The Northman,2022,https://boxd.it/nK2s,3.5
2026-02-01,The Killing of a Sacred Deer,2017,https://boxd.it/dZ5G,3
2026-02-01,Aquaman,2018,https://boxd.it/9ru0,2.5
2026-02-01,Good Will Hunting,1997,https://boxd.it/2ahY,3.5
2026-02-01,Manchester by the Sea,2016,https://boxd.it/b2L0,4
2026-02-01,The Assassination of Jesse James by the Coward Robert Ford,2007,https://boxd.it/24dG,4.5
2026-02-01,Deadpool 2,2018,https://boxd.it/dlLM,3
2026-02-01,Sicario: Day of the Soldado,2018,https://boxd.it/e4fG,4
2026-02-01,The Night Clerk,2020,https://boxd.it/j6IA,3.5
2026-02-01,Kung Fu Panda,2008,https://boxd.it/1Yws,4.5
2026-02-01,Eternals,2021,https://boxd.it/j36o,1.5
2026-02-01,Kung Fu Panda 2,2011,https://boxd.it/G36,3.5
2026-02-01,Kung Fu Panda 3,2016,https://boxd.it/4uRQ,3.5
2026-02-01,Changeling,2008,https://boxd.it/25aS,4.5
2026-02-01,Se7en,1995,https://boxd.it/29zs,4.5
2026-02-01,Bullet Train,2022,https://boxd.it/qW26,3.5
2026-02-01,The Curious Case of Benjamin Button,2008,https://boxd.it/23Fk,4.5
2026-02-01,World War Z,2013,https://boxd.it/2p2E,4
2026-02-01,Ad Astra,2019,https://boxd.it/ePzI,3.5
2026-02-01,The Lost City,2022,https://boxd.it/sg0Q,3
2026-02-01,Allied,2016,https://boxd.it/cP42,3
2026-02-01,Under the Silver Lake,2018,https://boxd.it/dSAs,3
2026-02-01,99 Homes,2014,https://boxd.it/8KuG,3
2026-02-01,BlacKkKlansman,2018,https://boxd.it/hxL8,4
2026-02-01,The Boss Baby,2017,https://boxd.it/9mfO,4
2026-02-01,The Boss Baby: Family Business,2021,https://boxd.it/goWY,3
2026-02-01,Stranger Things 5: The Finale,2025,https://boxd.it/YqXW,2.5
2026-02-01,Requiem for a Dream,2000,https://boxd.it/29VI,3.5
2026-02-01,A Beautiful Mind,2001,https://boxd.it/2amk,4
2026-02-01,Alita: Battle Angel,2019,https://boxd.it/e0rS,4
2026-02-01,Career Opportunities,1991,https://boxd.it/1Ksw,4.5
2026-02-01,Kramer vs. Kramer,1979,https://boxd.it/h0w,4.5
2026-02-01,Rush Hour,1998,https://boxd.it/27pU,4
2026-02-01,The Karate Kid,2010,https://boxd.it/15HA,4
2026-02-01,Rush Hour 2,2001,https://boxd.it/23ga,4.5
2026-02-01,Rush Hour 3,2007,https://boxd.it/23gk,3
2026-02-01,Puss in Boots: The Last Wish,2022,https://boxd.it/aaie,4
2026-02-01,Grown Ups,2010,https://boxd.it/169a,4.5
2026-02-01,Grown Ups 2,2013,https://boxd.it/3GAq,3.5
2026-02-01,The Hangover,2009,https://boxd.it/1GjK,5
2026-02-01,The Hangover Part II,2011,https://boxd.it/PZI,4
2026-02-01,The Hangover Part III,2013,https://boxd.it/3GNY,4
2026-02-01,"Jeff, Who Lives at Home",2011,https://boxd.it/2TjU,4
2026-02-01,Harold & Kumar Escape from Guantanamo Bay,2008,https://boxd.it/1QoU,3
2026-02-01,Harold & Kumar Go to White Castle,2004,https://boxd.it/1Ueu,4
2026-02-01,Booksmart,2019,https://boxd.it/igNS,3.5
2026-02-01,El Camino: A Breaking Bad Movie,2019,https://boxd.it/kv0q,2.5
2026-02-01,Dallas Buyers Club,2013,https://boxd.it/4O8G,3.5
2026-02-01,TRON: Ares,2025,https://boxd.it/jqdM,3.5
2026-02-01,Training Day,2001,https://boxd.it/27A4,5
2026-02-01,The Equalizer,2014,https://boxd.it/4TUK,4
2026-02-01,Inside Man,2006,https://boxd.it/2auS,4.5
2026-02-01,Man on Fire,2004,https://boxd.it/1Yvk,4
2026-02-01,The Equalizer 3,2023,https://boxd.it/yU54,3.5
2026-02-01,The Equalizer 2,2018,https://boxd.it/bAEW,3.5
2026-02-01,Flight,2012,https://boxd.it/35Ca,4.5
2026-02-01,The Magnificent Seven,2016,https://boxd.it/aZAy,3.5
2026-02-01,Fences,2016,https://boxd.it/dL6A,2.5
2026-02-01,Finding Nemo,2003,https://boxd.it/72i,4
2026-02-01,The Lighthouse,2019,https://boxd.it/icFU,2.5
2026-02-01,John Wick,2014,https://boxd.it/7dEc,4
2026-02-01,John Wick: Chapter 3 – Parabellum,2019,https://boxd.it/gmFw,4
2026-02-01,John Wick: Chapter 4,2023,https://boxd.it/mh48,4.5
2026-02-01,John Wick: Chapter 2,2017,https://boxd.it/ayGu,3.5
2026-02-01,TRON: Legacy,2010,https://boxd.it/1Dlo,3.5
2026-02-01,Rush,2013,https://boxd.it/3lyS,5
2026-02-01,The Change-Up,2011,https://boxd.it/FRu,4
2026-02-01,Jojo Rabbit,2019,https://boxd.it/iEBG,4
2026-02-01,The Green Mile,1999,https://boxd.it/2agG,3.5
2026-02-01,Seven Psychopaths,2012,https://boxd.it/34PW,4.5
2026-02-01,The Bad Guys,2022,https://boxd.it/nkg4,3.5
2026-02-01,Ballerina,2025,https://boxd.it/jKqG,3
2026-02-01,Knock Knock,2015,https://boxd.it/7Q9s,3.5
2026-02-01,The Theory of Everything,2014,https://boxd.it/7YtA,4
2026-02-01,Inferno,2016,https://boxd.it/6dMS,3
2026-02-01,Angels & Demons,2009,https://boxd.it/1Q9K,3
2026-02-01,The Da Vinci Code,2006,https://boxd.it/2a3i,4
2026-02-01,Whiplash,2014,https://boxd.it/7bQA,5
2026-02-01,Saving Private Ryan,1998,https://boxd.it/29ro,4
2026-02-01,Argo,2012,https://boxd.it/2czU,3.5
2026-02-01,Detachment,2011,https://boxd.it/2BiY,3.5
2026-02-01,John Carter,2012,https://boxd.it/FQ2,1.5
2026-02-01,Trumbo,2015,https://boxd.it/9gG0,3.5
2026-02-01,The Upside,2017,https://boxd.it/fEPM,4
2026-02-01,Spider-Man: Into the Spider-Verse,2018,https://boxd.it/azpY,4
2026-02-01,Spider-Man: Across the Spider-Verse,2023,https://boxd.it/kSz4,3
2026-02-01,Ex Machina,2015,https://boxd.it/7T2k,4.5
2026-02-01,Star Wars: The Last Jedi,2017,https://boxd.it/5xme,3.5
2026-02-01,Star Wars,1977,https://boxd.it/72s,4
2026-02-01,The Empire Strikes Back,1980,https://boxd.it/27Vw,4
2026-02-01,Return of the Jedi,1983,https://boxd.it/27Vm,3.5
2026-02-01,Annihilation,2018,https://boxd.it/9yzm,4
2026-02-01,Triple Frontier,2019,https://boxd.it/dZUO,4.5
2026-02-01,Kick-Ass,2010,https://boxd.it/1zaQ,4
2026-02-01,The King's Man,2021,https://boxd.it/h714,3
2026-02-01,Kingsman: The Golden Circle,2017,https://boxd.it/buJm,4
2026-02-01,Kick-Ass 2,2013,https://boxd.it/hqu,3.5
2026-02-01,Man of Steel,2013,https://boxd.it/FRk,4
2026-02-01,The Pope's Exorcist,2023,https://boxd.it/stZ8,3
2026-02-01,The Mummy,2017,https://boxd.it/8HnW,3.5
2026-02-01,Billionaire Boys Club,2018,https://boxd.it/dqUY,4
2026-02-01,Midsommar,2019,https://boxd.it/jhxe,4.5
2026-02-01,Guardians of the Galaxy Vol. 3,2023,https://boxd.it/fVNI,3
2026-02-01,Guardians of the Galaxy,2014,https://boxd.it/3VH2,4
2026-02-01,Guardians of the Galaxy Vol. 2,2017,https://boxd.it/8MxC,3.5
2026-02-01,The Maze Runner,2014,https://boxd.it/5YPM,4
2026-02-01,Maze Runner: The Death Cure,2018,https://boxd.it/bakw,3
2026-02-01,Maze Runner: The Scorch Trials,2015,https://boxd.it/9hwA,2.5
2026-02-01,Schindler's List,1993,https://boxd.it/2aq2,4
2026-02-01,Superman,2025,https://boxd.it/E9IU,3.5
2026-02-01,Silver Linings Playbook,2012,https://boxd.it/2TTo,3.5
2026-02-01,Nightmare Alley,2021,https://boxd.it/m0HC,3
2026-02-01,Maestro,2023,https://boxd.it/j0DE,3
2026-02-01,The A-Team,2010,https://boxd.it/1dHS,4.5
2026-02-01,Taxi Driver,1976,https://boxd.it/2b8y,3.5
2026-02-01,Raging Bull,1980,https://boxd.it/28yI,3.5
2026-02-01,Casino,1995,https://boxd.it/2ads,4.5
2026-02-01,The Irishman,2019,https://boxd.it/dYOq,3.5
2026-02-01,Lucy,2014,https://boxd.it/75hu,4
2026-02-01,Olympus Has Fallen,2013,https://boxd.it/3TMY,3.5
2026-02-01,London Has Fallen,2016,https://boxd.it/814o,3.5
2026-02-01,Transcendence,2014,https://boxd.it/4VSQ,4
2026-02-01,Angel Has Fallen,2019,https://boxd.it/eYfC,3.5
2026-02-01,Going in Style,2017,https://boxd.it/bSKS,4.5
2026-02-01,The Truman Show,1998,https://boxd.it/18U8,4
2026-02-01,Liar Liar,1997,https://boxd.it/28sg,4
2026-02-01,Sonic the Hedgehog,2020,https://boxd.it/gdK8,3.5
2026-02-01,Ace Ventura: Pet Detective,1994,https://boxd.it/25RW,3.5
2026-02-01,The Number 23,2007,https://boxd.it/258C,4.5
2026-02-01,Fantastic Beasts and Where to Find Them,2016,https://boxd.it/7FPC,4
2026-02-01,Fantastic Beasts: The Crimes of Grindelwald,2018,https://boxd.it/bg8G,4
2026-02-01,In Bruges,2008,https://boxd.it/20n8,5
2026-02-01,The Gentlemen,2019,https://boxd.it/iYBQ,4.5
2026-02-01,The Penguin,2024,https://boxd.it/QkIU,3
2026-02-01,Pirates of the Caribbean: Dead Men Tell No Tales,2017,https://boxd.it/5a9m,4
2026-02-01,Pirates of the Caribbean: On Stranger Tides,2011,https://boxd.it/27Z4,3.5
2026-02-01,Pirates of the Caribbean: The Curse of the Black Pearl,2003,https://boxd.it/70G,3
2026-02-01,Pirates of the Caribbean: Dead Man's Chest,2006,https://boxd.it/2bfk,4
2026-02-01,Pirates of the Caribbean: At World's End,2007,https://boxd.it/2aGu,4.5
2026-02-01,Monsters: The Lyle and Erik Menendez Story,2024,https://boxd.it/QlGq,3
2026-02-01,Ferrari,2023,https://boxd.it/cEtq,3.5
2026-02-01,Heat,1995,https://boxd.it/2bg8,5
2026-02-01,Men in Black,1997,https://boxd.it/2a0I,4
2026-02-01,The Pursuit of Happyness,2006,https://boxd.it/28PE,4.5
2026-02-01,Men in Black II,2002,https://boxd.it/2a0y,3.5
2026-02-01,Men in Black 3,2012,https://boxd.it/103U,3
2026-02-01,I Am Legend,2007,https://boxd.it/21DG,4
2026-02-01,"I, Robot",2004,https://boxd.it/27y8,4
2026-02-01,Seven Pounds,2008,https://boxd.it/1U8w,4
2026-02-01,65,2023,https://boxd.it/qbus,2.5
2026-02-01,Divergent,2014,https://boxd.it/4VT0,4
2026-02-01,Allegiant,2016,https://boxd.it/7NNE,3
2026-02-01,Insurgent,2015,https://boxd.it/7NNa,2.5
2026-02-01,The Fault in Our Stars,2014,https://boxd.it/6BQa,3.5
2026-02-01,Snowden,2016,https://boxd.it/9CWO,3
2026-02-01,To Catch a Killer,2023,https://boxd.it/mmKe,1.5
2026-02-01,Love & Other Drugs,2010,https://boxd.it/UIi,3
2026-02-01,Nightcrawler,2014,https://boxd.it/780m,4.5
2026-02-01,The Guilty,2021,https://boxd.it/kOPW,2.5
2026-02-01,Road House,2024,https://boxd.it/cdzQ,2.5
2026-02-01,Demolition,2015,https://boxd.it/9GuY,3.5
2026-02-01,Life,2017,https://boxd.it/dRqG,3
2026-02-01,Source Code,2011,https://boxd.it/fdo,3.5
2026-02-01,Guy Ritchie's The Covenant,2023,https://boxd.it/xjcK,3.5
2026-02-01,Captain America: Civil War,2016,https://boxd.it/89Ja,3.5
2026-02-01,Chef,2014,https://boxd.it/6lCG,3.5
2026-02-01,The Judge,2014,https://boxd.it/6aiU,4
2026-02-01,Gone Girl,2014,https://boxd.it/6hQu,4
2026-02-01,Mad Max: Fury Road,2015,https://boxd.it/2DjO,4
2026-02-01,Venom: The Last Dance,2024,https://boxd.it/ynqo,2.5
2026-02-01,Venom: Let There Be Carnage,2021,https://boxd.it/llco,3
2026-02-01,The Bikeriders,2023,https://boxd.it/C6Ym,3.5
2026-02-01,Legend,2015,https://boxd.it/8qZY,3
2026-02-01,The Devil Wears Prada,2006,https://boxd.it/2awE,4.5
2026-02-01,The Godfather,1972,https://boxd.it/2aNK,5
2026-02-01,The Godfather Part II,1974,https://boxd.it/2aNq,5
2026-02-01,The Godfather Part III,1990,https://boxd.it/2aN6,4
2026-02-01,Margin Call,2011,https://boxd.it/CJ8,4
2026-02-01,Forrest Gump,1994,https://boxd.it/728,5
2026-02-01,Toy Story,1995,https://boxd.it/29qA,4
2026-02-01,Toy Story 2,1999,https://boxd.it/29qq,4
2026-02-01,Elvis,2022,https://boxd.it/mK4w,4
2026-02-01,The Polar Express,2004,https://boxd.it/23am,3
2026-02-01,Borat: Cultural Learnings of America for Make Benefit Glorious Nation of Kazakhstan,2006,https://boxd.it/2agQ,3.5
2026-02-01,Apollo 13,1995,https://boxd.it/2a6G,4
2026-02-01,Hell or High Water,2016,https://boxd.it/bfGM,3.5
2026-02-01,Juror #2,2024,https://boxd.it/FRwU,3
2026-02-01,The Intern,2015,https://boxd.it/7AOE,3.5
2026-02-01,Limitless,2011,https://boxd.it/Aly,3
2026-02-01,A Quiet Place Part II,2020,https://boxd.it/iTx0,3.5
2026-02-01,A Quiet Place,2018,https://boxd.it/fVJQ,4
2026-02-01,28 Days Later,2002,https://boxd.it/2aXU,3.5
2026-02-01,Small Things Like These,2024,https://boxd.it/FHIm,3.5
2026-02-01,In the Heart of the Sea,2015,https://boxd.it/6avY,4
2026-02-01,Kill the Messenger,2014,https://boxd.it/7dFO,3
2026-02-01,Magic Mike,2012,https://boxd.it/2HvY,4
2026-02-01,Don Jon,2013,https://boxd.it/4sdk,3.5
2026-02-01,Magic Mike XXL,2015,https://boxd.it/7TTS,4
2026-02-01,Dog,2022,https://boxd.it/nd4K,3.5
2026-02-01,Magic Mike's Last Dance,2023,https://boxd.it/y9g0,2.5
2026-02-01,The Bourne Identity,2002,https://boxd.it/26EO,3.5
2026-02-01,The Bourne Ultimatum,2007,https://boxd.it/26Eu,3.5
2026-02-01,The Bourne Supremacy,2004,https://boxd.it/26EE,2.5
2026-02-01,Jason Bourne,2016,https://boxd.it/ayYy,4
2026-02-01,Air,2023,https://boxd.it/Arlc,4.5
2026-02-01,Men in Black: International,2019,https://boxd.it/hdJw,3
2026-02-01,Mark Felt: The Man Who Brought Down the White House,2017,https://boxd.it/dCpe,3.5
2026-02-01,Song to Song,2017,https://boxd.it/aR5C,0.5
2026-02-01,Tombstone,1993,https://boxd.it/1SE6,3
2026-02-01,Breakdown,1997,https://boxd.it/27iE,3.5
2026-02-01,The Last King of Scotland,2006,https://boxd.it/28FE,3.5
2026-02-01,Conclave,2024,https://boxd.it/AO8q,3.5
2026-02-01,28 Years Later,2025,https://boxd.it/FEGM,4.5
2026-02-01,The Hurt Locker,2008,https://boxd.it/1Soi,5
2026-02-01,Harry Potter and the Deathly Hallows: Part 2,2011,https://boxd.it/1RYk,3
2026-02-01,Harry Potter and the Philosopher's Stone,2001,https://boxd.it/29QS,3.5
2026-02-01,Harry Potter and the Chamber of Secrets,2002,https://boxd.it/29QI,3
2026-02-01,Harry Potter and the Prisoner of Azkaban,2004,https://boxd.it/29Qy,2.5
2026-02-01,Harry Potter and the Goblet of Fire,2005,https://boxd.it/29Qo,3.5
2026-02-01,Harry Potter and the Order of the Phoenix,2007,https://boxd.it/29Qe,3.5
2026-02-01,Harry Potter and the Half-Blood Prince,2009,https://boxd.it/29FU,3
2026-02-01,Harry Potter and the Deathly Hallows: Part 1,2010,https://boxd.it/1RYu,4
2026-02-01,Bad Times at the El Royale,2018,https://boxd.it/fSA2,4
2026-02-01,Extraction 2,2023,https://boxd.it/q4Zo,3
2026-02-01,Extraction,2020,https://boxd.it/jUjA,4
2026-02-01,Spiderhead,2022,https://boxd.it/mLsO,2
2026-02-01,Blackhat,2015,https://boxd.it/62Te,3
2026-02-01,Project X,2012,https://boxd.it/neO,4.5
2026-02-01,Fantastic Four,2015,https://boxd.it/5a9c,4.5
2026-02-01,Johnny English Reborn,2011,https://boxd.it/kQq,4
2026-02-01,Johnny English Strikes Again,2018,https://boxd.it/gzGW,4
2026-02-01,Johnny English,2003,https://boxd.it/1YyI,4.5
2026-02-01,Chernobyl,2019,https://boxd.it/mkbG,5
2026-02-01,Uncharted,2022,https://boxd.it/b5Dy,2.5
2026-02-01,Transformers: Age of Extinction,2014,https://boxd.it/3d1m,3.5
2026-02-01,Transformers,2007,https://boxd.it/280c,4
2026-02-01,Transformers: Revenge of the Fallen,2009,https://boxd.it/20gG,3
2026-02-01,Transformers: Dark of the Moon,2011,https://boxd.it/16aC,3.5
2026-02-01,Transformers: The Last Knight,2017,https://boxd.it/b8xo,3
2026-02-01,The Italian Job,2003,https://boxd.it/1Y86,4
2026-02-01,The Gambler,2014,https://boxd.it/8NUi,4.5
2026-02-01,Ghost Rider,2007,https://boxd.it/290M,4.5
2026-02-01,Ghost Rider: Spirit of Vengeance,2011,https://boxd.it/2qne,4.5
2026-02-01,Black Widow,2021,https://boxd.it/hWV8,2.5
2026-02-01,Constantine,2005,https://boxd.it/2a7E,3.5
2026-02-01,"Definitely, Maybe",2008,https://boxd.it/20eU,4.5
2026-02-01,Creed,2015,https://boxd.it/a2qk,3.5
2026-02-01,Creed II,2018,https://boxd.it/hgl8,3.5
2026-02-01,Deadpool,2016,https://boxd.it/9fOC,4
2026-02-01,The Adam Project,2022,https://boxd.it/q2Dg,3
2026-02-01,Pokémon Detective Pikachu,2019,https://boxd.it/fVA0,4
2026-02-01,X-Men Origins: Wolverine,2009,https://boxd.it/27ug,3.5
2026-02-01,The Wolverine,2013,https://boxd.it/2CWU,4
2026-02-01,Logan,2017,https://boxd.it/7Piy,3.5
2026-02-01,The Proposal,2009,https://boxd.it/1HiS,4.5
2026-02-01,Red Notice,2021,https://boxd.it/ixtq,0.5
2026-02-01,6 Underground,2019,https://boxd.it/irU6,3
2026-02-01,Green Lantern,2011,https://boxd.it/QN4,3
2026-02-01,R.I.P.D.,2013,https://boxd.it/FQQ,4
2026-02-01,The Captive,2014,https://boxd.it/7bNG,3.5
2026-02-01,The Matrix,1999,https://boxd.it/2a1m,3.5
2026-02-01,The Matrix Revolutions,2003,https://boxd.it/2a12,4.5
2026-02-01,The Matrix Reloaded,2003,https://boxd.it/2a1c,3.5
2026-02-01,Sonic the Hedgehog 2,2022,https://boxd.it/pb8O,2.5
2026-02-01,Final Destination,2000,https://boxd.it/1YrC,3.5
2026-02-01,The Secret Life of Pets,2016,https://boxd.it/aJ5E,3.5
2026-02-01,The Secret Life of Pets 2,2019,https://boxd.it/ewPM,3
2026-02-01,Bolt,2008,https://boxd.it/1QXg,4
2026-02-01,Lift,2024,https://boxd.it/A5s6,0.5
2026-02-01,Ride Along,2014,https://boxd.it/5dqA,3.5
2026-02-01,Final Destination Bloodlines,2025,https://boxd.it/l5y4,2.5
2026-02-01,Final Destination 3,2006,https://boxd.it/1Z40,2.5
2026-02-01,Final Destination 2,2003,https://boxd.it/1YSS,3
2026-02-01,Final Destination 5,2011,https://boxd.it/r1k,3
2026-02-01,The Final Destination,2009,https://boxd.it/1EmW,2.5
2026-02-01,A Minecraft Movie,2025,https://boxd.it/zRro,2.5
2026-02-01,Blockers,2018,https://boxd.it/fxEW,3.5
2026-02-01,28 Weeks Later,2007,https://boxd.it/28Bi,3.5
2026-02-01,Fantastic Four,2005,https://boxd.it/1XVw,4.5
2026-02-01,Thunderbolts*,2025,https://boxd.it/BfbQ,3.5
2026-02-01,Black Panther: Wakanda Forever,2022,https://boxd.it/igPu,2
2026-02-01,The Falcon and the Winter Soldier,2021,https://boxd.it/sbH6,2
2026-02-01,Transformers: Rise of the Beasts,2023,https://boxd.it/oQTa,4
2026-02-01,Bumblebee,2018,https://boxd.it/f21O,2.5
2026-02-01,Fantastic Four: Rise of the Silver Surfer,2007,https://boxd.it/27Ii,4.5
2026-02-01,Black Panther,2018,https://boxd.it/8MHs,4
2026-02-01,Slumdog Millionaire,2008,https://boxd.it/1S3E,3.5
2026-02-01,Animal,2023,https://boxd.it/toAu,3.5
2026-02-01,AK vs AK,2020,https://boxd.it/rBZ4,4
2026-02-01,Maharaja,2024,https://boxd.it/GiAu,2.5
2026-02-01,Happy New Year,2014,https://boxd.it/8sf4,4
2026-02-01,No Smoking,2007,https://boxd.it/1b5W,2.5
2026-02-01,Tees Maar Khan,2010,https://boxd.it/O5Y,3
2026-02-01,Welcome,2007,https://boxd.it/1DLc,4.5
2026-02-01,Welcome Back,2015,https://boxd.it/c6w6,4
2026-02-01,Race,2008,https://boxd.it/1EJQ,5
2026-02-01,Race 2,2013,https://boxd.it/Rbq,3.5
2026-02-01,Race 3,2018,https://boxd.it/hTYS,1.5
2026-02-01,Saaho,2019,https://boxd.it/gdaa,2.5
2026-02-01,Andhadhun,2018,https://boxd.it/jtfc,4
2026-02-01,JugJugg Jeeyo,2022,https://boxd.it/sKo4,1
2026-02-01,Wanted,2009,https://boxd.it/1Aa8,4
2026-02-01,Mr. India,1987,https://boxd.it/YeQ,2.5
2026-02-01,Nayak: The Real Hero,2001,https://boxd.it/1frs,3.5
2026-02-01,Malang,2020,https://boxd.it/oBmq,1
2026-02-01,Karthik Calling Karthik,2010,https://boxd.it/1djw,2
2026-02-01,Doctor G,2022,https://boxd.it/th9Q,2.5
2026-02-01,Dhurandhar,2025,https://boxd.it/NhCI,4
2026-02-01,Padmaavat,2018,https://boxd.it/fkVq,3
2026-02-01,Bajirao Mastani,2015,https://boxd.it/ck2O,2.5
2026-02-01,Gully Boy,2019,https://boxd.it/hHXo,3
2026-02-01,Singham Returns,2014,https://boxd.it/8Rdi,3
2026-02-01,Simmba 2,,https://boxd.it/UtdE,2
2026-02-01,Sooryavanshi,2021,https://boxd.it/lOHU,3.5
2026-02-01,Simmba,2018,https://boxd.it/hUvs,2.5
2026-02-01,PK,2014,https://boxd.it/9q1G,4.5
2026-02-01,Ae Dil Hai Mushkil,2016,https://boxd.it/dKWg,3
2026-02-01,Sanju,2018,https://boxd.it/hTZm,4.5
2026-02-01,Sultan,2016,https://boxd.it/d65G,3.5
2026-02-01,Zero,2018,https://boxd.it/hTwO,2
2026-02-01,Housefull,2010,https://boxd.it/ldO,4
2026-02-01,Housefull 2,2012,https://boxd.it/2ZZM,3.5
2026-02-01,Housefull 3,2016,https://boxd.it/dH0o,4
2026-02-01,3 Idiots,2009,https://boxd.it/1Dsa,4
2026-02-01,Bajrangi Bhaijaan,2015,https://boxd.it/bIbo,3
2026-02-01,Bodyguard,2011,https://boxd.it/2vV6,3
2026-02-01,Good Newwz,2019,https://boxd.it/nTa6,4
2026-02-01,Rowdy Rathore,2012,https://boxd.it/3v3A,4
2026-02-01,Angrezi Medium,2020,https://boxd.it/moEC,2.5
2026-02-01,Dabangg 2,2012,https://boxd.it/4FYI,2
2026-02-01,Dabangg,2010,https://boxd.it/RZ6,4.5
2026-02-01,Dilwale,2015,https://boxd.it/cR60,3
2026-02-01,Student Of The Year,2012,https://boxd.it/4rkY,4
2026-02-01,Jolly LLB,2013,https://boxd.it/5r9o,3.5
2026-02-01,Jolly LLB 2,2017,https://boxd.it/ewEa,3.5
2026-02-01,Jolly LLB 3,2025,https://boxd.it/Cpe8,4
2026-02-01,Runway 34,2022,https://boxd.it/sN7A,3
2026-02-01,Bhoothnath Returns,2014,https://boxd.it/7RFY,4
2026-02-01,Bhoothnath,2008,https://boxd.it/1L6c,4
2026-02-01,Zindagi Na Milegi Dobara,2011,https://boxd.it/efo,5
2026-02-01,Dhoom 2,2006,https://boxd.it/1OAa,3.5
2026-02-01,Dhoom 3,2013,https://boxd.it/QDS,2.5
2026-02-01,Dhoom,2004,https://boxd.it/1ICE,4
2026-02-01,Jodhaa Akbar,2008,https://boxd.it/1OOw,4
2026-02-01,Koi... Mil Gaya,2003,https://boxd.it/1vFg,4
2026-02-01,War,2019,https://boxd.it/lwH8,3
2026-02-01,Bang Bang!,2014,https://boxd.it/8Lsw,4
2026-02-01,Tiger 3,2023,https://boxd.it/qZTW,3
2026-02-01,Ek Tha Tiger,2012,https://boxd.it/32Xk,4
2026-02-01,Tiger Zinda Hai,2017,https://boxd.it/fInM,2.5
2026-02-01,Pathaan,2023,https://boxd.it/wGeC,1
2026-02-01,Super 30,2019,https://boxd.it/jrkE,3
2026-02-01,Mohenjo Daro,2016,https://boxd.it/e9xA,3.5
2026-02-01,Tanu Weds Manu,2011,https://boxd.it/kDc,4.5
2026-02-01,Tanu Weds Manu: Returns,2015,https://boxd.it/b8Tu,4.5
2026-02-01,Jawan,2023,https://boxd.it/wVDs,2.5
2026-02-01,Dhamaal,2007,https://boxd.it/1Dx0,4
2026-02-01,Total Dhamaal,2019,https://boxd.it/lapc,3.5
2026-02-01,Double Dhamaal,2011,https://boxd.it/2eks,3
2026-02-01,Desi Boyz,2011,https://boxd.it/2MOw,4.5
2026-02-01,2 States,2014,https://boxd.it/7GOK,2
2026-02-01,Half Girlfriend,2017,https://boxd.it/eBaE,2.5
2026-02-01,Jab We Met,2007,https://boxd.it/1T2W,4
2026-02-01,Kabir Singh,2019,https://boxd.it/ldjc,4
2026-02-01,Udta Punjab,2016,https://boxd.it/dXFW,2.5
2026-02-01,Dil Chahta Hai,2001,https://boxd.it/1Nsk,4
2026-02-01,Drishyam 2,2022,https://boxd.it/CXa0,3.5
2026-02-01,Drishyam,2015,https://boxd.it/bQgm,4.5
2026-02-01,Mom,2017,https://boxd.it/edYA,4
2026-02-01,Dishoom,2016,https://boxd.it/dKVW,3.5
2026-02-01,Section 375,2019,https://boxd.it/imN0,3.5
2026-02-01,Phir Hera Pheri,2006,https://boxd.it/1DCk,4
2026-02-01,Hera Pheri,2000,https://boxd.it/1BBO,3.5
2026-02-01,Golmaal 3,2010,https://boxd.it/QDI,3
2026-02-01,Golmaal – Fun Unlimited,2006,https://boxd.it/1EI4,4
2026-02-01,Golmaal Again,2017,https://boxd.it/gVGa,2
2026-02-01,Golmaal Returns,2008,https://boxd.it/1NSC,4
2026-02-01,Judwaa 2,2017,https://boxd.it/giOk,3.5
2026-02-01,Khatta Meetha,2010,https://boxd.it/RDY,4
2026-02-01,Boss,2013,https://boxd.it/6JlY,3.5
2026-02-01,The Lunchbox,2013,https://boxd.it/5MOs,4
2026-02-01,Jurassic World,2015,https://boxd.it/4n0g,3
2026-02-01,Jurassic World Rebirth,2025,https://boxd.it/KUeE,3.5
2026-02-01,Jurassic World: Fallen Kingdom,2018,https://boxd.it/bOnU,4
2026-02-01,Hindi Medium,2017,https://boxd.it/giPi,3.5
2026-02-01,Blackmail,2018,https://boxd.it/ixLE,3.5
2026-02-01,Lagaan: Once Upon a Time in India,2001,https://boxd.it/1EII,3.5
2026-02-01,Pad Man,2018,https://boxd.it/fX5e,2
2026-02-01,Badla,2019,https://boxd.it/lmKQ,4
2026-02-01,Gulabo Sitabo,2020,https://boxd.it/mArq,4
2026-02-01,Swades,2004,https://boxd.it/1Ly6,3.5
2026-02-01,Chennai Express,2013,https://boxd.it/69tM,4
2026-02-01,Chak De! India,2007,https://boxd.it/1ODI,4
2026-02-01,Raees,2017,https://boxd.it/cG4W,3.5
2026-02-01,Fan,2016,https://boxd.it/d8xC,4
2026-02-01,The Meyerowitz Stories (New and Selected),2017,https://boxd.it/dSp0,1.5
2026-02-02,Gladiator II,2024,https://boxd.it/kqQQ,3.5
2026-02-05,Brokeback Mountain,2005,https://boxd.it/2b2q,3.5
2026-02-06,Sentimental Value,2025,https://boxd.it/GwcG,4
2026-02-06,The Hunt,2012,https://boxd.it/3wEC,4.5
2026-02-25,28 Years Later: The Bone Temple,2026,https://boxd.it/MwlA,2.5
2026-03-01,The Mastermind,2025,https://boxd.it/Q7ge,2
2026-03-01,Marty Supreme,2025,https://boxd.it/Off0,3.5
2026-03-02,Meet the Fockers,2004,https://boxd.it/29NE,3
2026-03-02,2001: A Space Odyssey,1968,https://boxd.it/2bf0,4
2026-03-02,Dr. Strangelove or: How I Learned to Stop Worrying and Love the Bomb,1964,https://boxd.it/29eY,4.5
2026-03-03,Vertigo,1958,https://boxd.it/2apI,3.5
2026-03-03,Being John Malkovich,1999,https://boxd.it/2ahu,1.5
2026-03-04,Pride & Prejudice,2005,https://boxd.it/24u8,4
2026-03-06,Saltburn,2023,https://boxd.it/z4eg,2
2026-03-06,Miami Vice,2006,https://boxd.it/2bbW,2.5
2026-03-06,Fast X,2023,https://boxd.it/drIu,1.5
2026-03-06,F9,2021,https://boxd.it/dqsU,4
2026-03-06,The Fate of the Furious,2017,https://boxd.it/bbCw,3
2026-03-06,Furious 7,2015,https://boxd.it/5cVs,4.5
2026-03-06,The Fast and the Furious,2001,https://boxd.it/1XMu,4
2026-03-06,2 Fast 2 Furious,2003,https://boxd.it/2a4g,3
2026-03-06,The Fast and the Furious: Tokyo Drift,2006,https://boxd.it/1Yeo,4.5
2026-03-06,Fast & Furious,2009,https://boxd.it/1Pnm,2
2026-03-06,Fast Five,2011,https://boxd.it/BgO,3
2026-03-06,Fast & Furious 6,2013,https://boxd.it/2UG6,3
2026-03-06,Split,2016,https://boxd.it/dgSy,3
2026-03-06,Death Proof,2007,https://boxd.it/27GG,2.5
2026-03-06,The Trial of the Chicago 7,2020,https://boxd.it/kn3w,4.5
2026-03-06,Blue Valentine,2010,https://boxd.it/MxG,2.5
2026-03-06,War for the Planet of the Apes,2017,https://boxd.it/8FE2,3
2026-03-06,Dawn of the Planet of the Apes,2014,https://boxd.it/3XyQ,3
2026-03-06,Rise of the Planet of the Apes,2011,https://boxd.it/cS4,3.5
2026-03-06,The Fighter,2010,https://boxd.it/PP4,4
2026-03-06,V for Vendetta,2005,https://boxd.it/29Ik,2
2026-03-06,Rain Man,1988,https://boxd.it/2avw,4.5
2026-03-06,Donnie Darko,2001,https://boxd.it/2b2A,3
2026-03-06,Her,2013,https://boxd.it/4O24,4
2026-03-06,The Usual Suspects,1995,https://boxd.it/29XE,4
2026-03-06,L.A. Confidential,1997,https://boxd.it/27oC,3
2026-03-06,The Sixth Sense,1999,https://boxd.it/29Js,4.5
2026-03-06,The Big Lebowski,1998,https://boxd.it/2b6C,5
2026-03-06,How to Train Your Dragon,2010,https://boxd.it/1WRy,5
2026-03-06,How to Train Your Dragon 2,2014,https://boxd.it/2TRW,3
2026-03-06,Barry Lyndon,1975,https://boxd.it/25A2,3
2026-03-06,Hot Rod,2007,https://boxd.it/1X9C,2.5
2026-03-06,Mercy,2026,https://boxd.it/KYv0,2
2026-03-06,Zero Dark Thirty,2012,https://boxd.it/3n1w,4.5
2026-03-06,Wanted,2008,https://boxd.it/1ZBS,4
2026-03-06,Chhello Divas,2015,https://boxd.it/cPbM,4.5
2026-03-06,Bloodshot,2020,https://boxd.it/bfG8,2.5
2026-03-06,Hannibal,2001,https://boxd.it/1XVc,2.5
2026-03-06,The Silence of the Lambs,1991,https://boxd.it/2aHW,4
2026-03-06,Red Dragon,2002,https://boxd.it/1Yrs,3
2026-03-06,Moonfall,2022,https://boxd.it/ejwM,4
2026-03-06,Cherry,2021,https://boxd.it/jRhm,2.5
2026-03-06,Trumbo,2007,https://boxd.it/gxu,4.5
2026-03-06,Get a Job,2016,https://boxd.it/5EQU,2.5
2026-03-06,Little Fockers,2010,https://boxd.it/13Ea,3
2026-03-06,Meet the Parents,2000,https://boxd.it/28vE,3
2026-03-06,Shaft,2019,https://boxd.it/htPq,3.5
2026-03-06,Pain & Gain,2013,https://boxd.it/4lp4,4
2026-03-06,Lions for Lambs,2007,https://boxd.it/24dm,3.5
2026-03-06,Kaabil,2017,https://boxd.it/eco2,4
2026-03-06,Singham,2011,https://boxd.it/2t9a,4
2026-03-06,Bhaag Milkha Bhaag,2013,https://boxd.it/6bqA,4
2026-03-06,Passengers,2016,https://boxd.it/8lFu,4
2026-03-06,Baaghi 3,2020,https://boxd.it/lUai,2
2026-03-06,Baaghi 2,2018,https://boxd.it/hU5E,2.5
2026-03-06,Baaghi,2016,https://boxd.it/dGDE,3
2026-03-06,Ek Villain,2014,https://boxd.it/8r3G,3
2026-03-06,Bhool Bhulaiyaa,2007,https://boxd.it/1FQI,4.5
2026-03-06,Bhool Bhulaiyaa 2,2022,https://boxd.it/q08U,2.5
2026-03-06,Bhool Bhulaiyaa 3,2024,https://boxd.it/B2Xi,2.5
2026-03-06,Freddy,2022,https://boxd.it/Dpbg,3
2026-03-06,Sonu Ke Titu Ki Sweety,2018,https://boxd.it/hYYS,3.5
2026-03-06,Love Aaj Kal,2020,https://boxd.it/lJTG,2
2026-03-06,Singh Is Kinng,2008,https://boxd.it/1S8u,4
2026-03-07,Mission: Impossible,1996,https://boxd.it/29d2,5
2026-03-07,Mission: Impossible II,2000,https://boxd.it/29cS,5
2026-03-07,Silence,2016,https://boxd.it/2cAo,2.5
2026-03-07,Mission: Impossible III,2006,https://boxd.it/29cI,2.5
2026-03-07,The Town,2010,https://boxd.it/1zyS,4
2026-03-08,Mission: Impossible – Ghost Protocol,2011,https://boxd.it/psI,4.5
2026-03-13,Mamma Mia!,2008,https://boxd.it/1Tnq,2.5
2026-03-13,Mamma Mia! Here We Go Again,2018,https://boxd.it/gnfO,2
2026-03-14,1917,2019,https://boxd.it/jj4y,4.5
2026-03-14,Dunkirk,2017,https://boxd.it/d0Y6,4
2026-03-16,How to Lose a Guy in 10 Days,2003,https://boxd.it/1XwG,3.5
2026-03-17,The Girl Next Door,2004,https://boxd.it/1VSq,2.5
2026-03-17,Friends with Benefits,2011,https://boxd.it/DoK,2.5
2026-03-19,Die My Love,2025,https://boxd.it/D5cI,3
2026-03-19,Highest 2 Lowest,2025,https://boxd.it/LcIC,2.5
2026-03-21,The Alto Knights,2025,https://boxd.it/CjB6,2
2026-03-24,Uri: The Surgical Strike,2019,https://boxd.it/kgWk,3
2026-03-24,Dhurandhar The Revenge,2026,https://boxd.it/Z0Uu,4
2026-03-24,Oldboy,2013,https://boxd.it/35AS,4.5
2026-03-24,Oldboy,2003,https://boxd.it/29R2,4
2026-03-24,No Other Choice,2025,https://boxd.it/nKiA,5
2026-03-24,Decision to Leave,2022,https://boxd.it/qp9e,4
2026-03-24,Peaky Blinders: The Immortal Man,2026,https://boxd.it/x3yq,2.5
2026-03-25,Glass,2019,https://boxd.it/g3uO,3.5
2026-03-25,The Tomorrow War,2021,https://boxd.it/lE78,3
2026-03-26,Okja,2017,https://boxd.it/dvXe,4.5
2026-03-27,Project Hail Mary,2026,https://boxd.it/pEeQ,3
2026-03-27,Evan Almighty,2007,https://boxd.it/26s4,3.5
2026-03-29,Sarkar,2005,https://boxd.it/1CDm,3
2026-03-29,Train to Busan,2016,https://boxd.it/dSQU,4.5
2026-03-30,Primal Fear,1996,https://boxd.it/28ws,3.5
2026-03-30,Sarkar Raj,2008,https://boxd.it/1Ocs,3
2026-03-30,Vivarium,2019,https://boxd.it/gmVE,1.5
2026-03-30,Rear Window,1954,https://boxd.it/2a6Q,3.5
2026-03-31,The Last Samurai,2003,https://boxd.it/29ZA,3.5
2026-03-31,Barely Lethal,2015,https://boxd.it/7hMu,2
2026-03-31,Pelé: Birth of a Legend,2016,https://boxd.it/7dFE,5
2026-03-31,E.T. the Extra-Terrestrial,1982,https://boxd.it/2a1G,2
2026-04-01,Ne Zha,2019,https://boxd.it/mKSm,3
2026-04-01,I Swear,2025,https://boxd.it/Og8k,5
2026-04-02,Knocked Up,2007,https://boxd.it/23yS,2
2026-04-02,Mr. Right,2015,https://boxd.it/aZkK,3
2026-04-02,The Sitter,2011,https://boxd.it/mIo,3.5
2026-04-02,Wake Up Dead Man,2025,https://boxd.it/uAKS,3.5
2026-04-02,Knives Out,2019,https://boxd.it/jWEA,4
2026-04-02,Glass Onion,2022,https://boxd.it/oCkK,2
2026-04-02,Kiss Kiss Bang Bang,2005,https://boxd.it/23c8,3.5
2026-04-02,Better Living Through Chemistry,2014,https://boxd.it/4Vsy,3
2026-04-02,Irreversible,2002,https://boxd.it/29as,2
2026-04-02,"O Brother, Where Art Thou?",2000,https://boxd.it/2b3I,2.5
2026-04-03,Michael Clayton,2007,https://boxd.it/2466,3
2026-04-03,Uncut Gems,2019,https://boxd.it/gXGc,3
2026-04-03,Two for the Money,2005,https://boxd.it/1Xy8,3
2026-04-03,Scarface,1983,https://boxd.it/2b7g,3.5
2026-04-03,Dog Day Afternoon,1975,https://boxd.it/29bg,4
2026-04-03,Serpico,1973,https://boxd.it/1ZjE,2.5
2026-04-03,The Ninth Gate,1999,https://boxd.it/29YM,2.5
2026-04-03,Stay,2005,https://boxd.it/20BE,2
2026-04-04,The House That Jack Built,2018,https://boxd.it/dWO4,0.5
2026-04-04,The Exception,2016,https://boxd.it/bj1y,2
2026-04-04,The Report,2019,https://boxd.it/j2X2,4.5
2026-04-04,Money Monster,2016,https://boxd.it/9GCS,2.5
2026-04-04,21,2008,https://boxd.it/20BO,3.5
2026-04-04,The Family Plan,2023,https://boxd.it/CWsi,2.5
2026-04-04,Infinite,2021,https://boxd.it/lnRe,3.5
2026-04-05,In the Line of Fire,1993,https://boxd.it/1YOw,3
2026-04-05,Joy,2015,https://boxd.it/8kEU,4.5
2026-04-05,Nymphomaniac: Vol. I,2013,https://boxd.it/7DiG,0.5
2026-04-05,Nymphomaniac: Vol. II,2013,https://boxd.it/7j9Y,0.5
2026-04-05,Nymphomaniac,2014,https://boxd.it/B4Le,0.5
2026-04-05,Ride Along 2,2016,https://boxd.it/awtS,3
2026-04-05,Sympathy for Mr. Vengeance,2002,https://boxd.it/23WU,3.5
2026-04-05,Parasite,2019,https://boxd.it/hTha,4.5
2026-04-05,Lady Vengeance,2005,https://boxd.it/248G,4
2026-04-06,Only God Forgives,2013,https://boxd.it/2HBs,2.5
2026-04-06,The Tree of Life,2011,https://boxd.it/1Zu8,2
2026-04-06,Shaurya,2008,https://boxd.it/1GD6,3.5
2026-04-07,Munich,2005,https://boxd.it/2a0e,2.5
2026-04-08,Isle of Dogs,2018,https://boxd.it/dZrW,3
2026-04-09,Max Payne,2008,https://boxd.it/1QXq,1.5
2026-04-09,I ♥ Huckabees,2004,https://boxd.it/28vk,2
2026-04-10,Erin Brockovich,2000,https://boxd.it/2al2,3
2026-04-10,Moon,2009,https://boxd.it/1IGQ,2.5
2026-04-11,War Machine,2017,https://boxd.it/bX6S,2
2026-04-11,Ne Zha 2,2025,https://boxd.it/B2qe,4
2026-04-11,Hulchul,2004,https://boxd.it/1DBw,3.5
2026-04-11,Waiting...,2005,https://boxd.it/20Pw,3
2026-04-11,The Burial,2023,https://boxd.it/sFPO,3.5
2026-04-11,Crime 101,2026,https://boxd.it/IoGs,3.5
2026-04-11,Metropolis,1927,https://boxd.it/71a,3
2026-04-11,Sex Tape,2014,https://boxd.it/6FRG,3.5
2026-04-11,American History X,1998,https://boxd.it/2bdo,3
2026-04-11,Revelations,2025,https://boxd.it/JXds,3
2026-04-11,War Dogs,2016,https://boxd.it/9SlO,4
2026-04-11,Lawrence of Arabia,1962,https://boxd.it/2wRE,3.5
2026-04-11,Troy,2004,https://boxd.it/29TW,4
2026-04-11,The Neon Demon,2016,https://boxd.it/9AnW,1
2026-04-11,Lord of War,2005,https://boxd.it/284y,4
2026-04-12,Just Mercy,2019,https://boxd.it/iXj2,3
2026-04-12,Deepwater Horizon,2016,https://boxd.it/9oiU,3.5
2026-04-12,No Hard Feelings,2023,https://boxd.it/xouu,2.5
2026-04-12,"Love, Death & Robots: Zima Blue",2019,https://boxd.it/lJGM,3
2026-04-12,A Scanner Darkly,2006,https://boxd.it/25jK,4.5
2026-04-13,The Fugitive,1993,https://boxd.it/230G,3.5
2026-04-13,The Banshees of Inisherin,2022,https://boxd.it/p7XS,4
2026-04-13,Shooter,2007,https://boxd.it/20TS,3.5
2026-04-14,W.,2008,https://boxd.it/1W3o,3.5
2026-04-14,Polytechnique,2009,https://boxd.it/1AMG,4.5
2026-04-14,WALL·E,2008,https://boxd.it/1VEo,5
2026-04-14,Fun with Dick and Jane,2005,https://boxd.it/20PG,3.5
2026-04-14,Fargo,1996,https://boxd.it/2aHM,3.5
2026-04-14,Four Brothers,2005,https://boxd.it/20o6,4
2026-04-14,The Day After Tomorrow,2004,https://boxd.it/2aog,3.5
2026-04-14,Everest,2015,https://boxd.it/7r7Q,4
2026-04-15,The Bride!,2026,https://boxd.it/HSw6,3.5
2026-04-15,Shaft,2000,https://boxd.it/2aiW,4
2026-04-15,District 9,2009,https://boxd.it/1Iik,4.5
2026-04-15,Oxygen,2021,https://boxd.it/gU16,3
2026-04-15,Geostorm,2017,https://boxd.it/8lC6,4
2026-04-15,Valerian and the City of a Thousand Planets,2017,https://boxd.it/biYY,1
2026-04-15,The Martian,2015,https://boxd.it/8SeG,4.5
2026-04-15,Den of Thieves,2018,https://boxd.it/g17e,4.5
2026-04-15,Den of Thieves 2: Pantera,2025,https://boxd.it/mjHm,2.5
2026-04-15,The Lord of the Rings: The Fellowship of the Ring,2001,https://boxd.it/2b5O,3.5
2026-04-15,The Lord of the Rings: The Return of the King,2003,https://boxd.it/2b5u,3
2026-04-15,The Lord of the Rings: The Two Towers,2002,https://boxd.it/2b5E,3.5
2026-04-15,Hot Fuzz,2007,https://boxd.it/2416,4
2026-04-15,Shaun of the Dead,2004,https://boxd.it/29J8,4
2026-04-15,Ocean's Eight,2018,https://boxd.it/eaai,3.5
2026-04-15,Hit Man,2023,https://boxd.it/ANB2,3.5
2026-04-16,Elizabeth: The Golden Age,2007,https://boxd.it/24d2,3
2026-04-16,Bramayugam,2024,https://boxd.it/Iekc,2.5
2026-04-17,Arbitrage,2012,https://boxd.it/fDc,4.5
2026-04-18,Sully,2016,https://boxd.it/cD8Q,4
2026-04-18,Fury,2014,https://boxd.it/6JwC,4.5
2026-04-18,Black Hawk Down,2001,https://boxd.it/29rI,3.5
2026-04-19,Longlegs,2024,https://boxd.it/KzLM,3.5
2026-04-20,Train Dreams,2025,https://boxd.it/LdDo,3.5
2026-04-20,Tape,2001,https://boxd.it/1yCu,3.5
2026-04-21,The Banker,2020,https://boxd.it/nfyC,3
2026-04-21,The Kill Room,2023,https://boxd.it/AaGs,1.5
2026-04-21,The Handmaiden,2016,https://boxd.it/948A,3.5
2026-04-22,Friends with Money,2006,https://boxd.it/1ZpC,4
2026-04-22,Brothers,2009,https://boxd.it/20WW,4
2026-04-22,Forgotten,2017,https://boxd.it/hAJE,2
2026-04-22,Motherhood,2009,https://boxd.it/1A2o,2
2026-04-22,Contagion,2011,https://boxd.it/13rq,3.5
2026-04-22,21 & Over,2013,https://boxd.it/3DOk,3.5
2026-04-23,mother!,2017,https://boxd.it/dgRU,0.5
2026-04-23,Paterson,2016,https://boxd.it/cRk2,2
2026-04-23,A Perfect Murder,1998,https://boxd.it/27Ke,4.5
2026-04-23,A Clockwork Orange,1971,https://boxd.it/2aVE,3
2026-04-23,"Salò, or the 120 Days of Sodom",1975,https://boxd.it/237s,0.5
2026-04-24,Psycho,1960,https://boxd.it/2ab2,4.5
2026-04-24,Antichrist,2009,https://boxd.it/1Inu,1.5
2026-04-24,21 Grams,2003,https://boxd.it/2ajK,3.5
2026-04-25,All the Way,2016,https://boxd.it/bDUo,3.5
2026-04-25,The Infiltrator,2016,https://boxd.it/aCm4,3
2026-04-25,17 Again,2009,https://boxd.it/1Jnq,4
2026-04-25,Easy A,2010,https://boxd.it/17DK,3.5
2026-04-25,The Royal Tenenbaums,2001,https://boxd.it/1YHU,3
2026-04-25,Bad Teacher,2011,https://boxd.it/yXA,3.5
2026-04-25,Me and Earl and the Dying Girl,2015,https://boxd.it/9SAE,5
2026-04-26,The Perks of Being a Wallflower,2012,https://boxd.it/2ZA8,4.5
2026-04-26,Absolute Power,1997,https://boxd.it/2bem,3
2026-04-26,Gran Torino,2008,https://boxd.it/1Qzy,4
2026-04-26,Madagascar,2005,https://boxd.it/29dc,2
2026-04-27,Madagascar: Escape 2 Africa,2008,https://boxd.it/1W2K,3
2026-04-27,Madagascar 3: Europe's Most Wanted,2012,https://boxd.it/2NF6,3.5
2026-04-27,Up,2009,https://boxd.it/1OEc,5
2026-04-27,The Good Dinosaur,2015,https://boxd.it/3AD4,4
2026-04-27,Ralph Breaks the Internet,2018,https://boxd.it/edAy,2.5
2026-04-27,Big Hero 6,2014,https://boxd.it/5rje,4
2026-04-27,Wreck-It Ralph,2012,https://boxd.it/2TTS,3.5
2026-04-27,Klaus,2019,https://boxd.it/ipoi,3.5
2026-04-27,Toy Story 4,2019,https://boxd.it/9ALu,4
2026-04-28,Thief,1981,https://boxd.it/1TEc,4
2026-04-30,Aftersun,2022,https://boxd.it/Arw0,4.5
2026-04-30,Spirited Away,2001,https://boxd.it/2b4m,3
2026-04-30,The King's Speech,2010,https://boxd.it/dX0,5
2026-05-01,Dangerous Liaisons,1988,https://boxd.it/29r4,2.5
2026-05-01,The Iron Lady,2011,https://boxd.it/2qli,2.5
2026-05-02,The Adventures of Tintin,2011,https://boxd.it/1Irc,4
2026-05-06,Donnie Brasco,1997,https://boxd.it/1YRA,3
2026-05-07,Unthinkable,2010,https://boxd.it/16y0,2.5
2026-05-07,Body of Lies,2008,https://boxd.it/1SvS,3
2026-05-07,Mission: Impossible – Rogue Nation,2015,https://boxd.it/5rI4,3.5
2026-05-07,"Wake Up, Ron Burgundy: The Lost Movie",2004,https://boxd.it/1XpU,3.5
2026-05-07,Identity,2003,https://boxd.it/26e2,3
2026-05-07,Star Trek,2009,https://boxd.it/1Q6c,2.5
2026-05-08,Star Trek Into Darkness,2013,https://boxd.it/uYE,3
2026-05-08,Star Trek Beyond,2016,https://boxd.it/5Ik4,3
2026-05-09,Surrogates,2009,https://boxd.it/1EiU,3.5
2026-05-09,Rope,1948,https://boxd.it/28yo,5
2026-05-09,Good Fortune,2025,https://boxd.it/GavG,3
2026-05-09,The Drama,2026,https://boxd.it/OA2w,3.5
2026-05-09,Soul,2020,https://boxd.it/ioLA,3
2026-05-11,Cape Fear,1991,https://boxd.it/28vu,4.5
2026-05-11,Downfall,2004,https://boxd.it/2a04,1.5
2026-05-12,Rendition,2007,https://boxd.it/23kw,3
2026-05-12,Before I Go to Sleep,2014,https://boxd.it/69du,3.5
2026-05-13,Grimsby,2016,https://boxd.it/7ZkO,2
2026-05-13,The Circle,2017,https://boxd.it/bj1I,3
2026-05-13,Dinner for Schmucks,2010,https://boxd.it/15dA,4
2026-05-13,Little Women,2019,https://boxd.it/aSVk,3.5
2026-05-13,The Last Boy Scout,1991,https://boxd.it/1YYQ,3
2026-05-13,Honey Don't!,2025,https://boxd.it/Hurc,1
2026-05-13,The Housemaid,2025,https://boxd.it/QFEO,1.5
2026-05-14,Get Hard,2015,https://boxd.it/7Axe,4
2026-05-14,The Post,2017,https://boxd.it/fTeG,3
2026-05-15,I Saw the Devil,2010,https://boxd.it/FaK,2.5
2026-05-15,Father Figures,2017,https://boxd.it/bYFE,2
2026-05-15,The Monuments Men,2014,https://boxd.it/4OxQ,4
2026-05-15,The Dilemma,2011,https://boxd.it/RE8,4
2026-05-15,Mongol: The Rise of Genghis Khan,2007,https://boxd.it/1Sc2,3.5
2026-05-16,The Last Emperor,1987,https://boxd.it/29Ji,4
2026-05-17,Rogue One: A Star Wars Story,2016,https://boxd.it/aPvy,3.5
2026-05-17,I Origins,2014,https://boxd.it/7aRM,5
2026-05-17,Another Earth,2011,https://boxd.it/rRA,2
2026-05-17,The Wonderful Story of Henry Sugar,2023,https://boxd.it/yNyo,2.5
2026-05-17,Risky Business,1983,https://boxd.it/1YUE,3.5
2026-05-17,Funny Games,2007,https://boxd.it/207a,1.5
2026-05-18,Doubt,2008,https://boxd.it/1OfQ,4
2026-05-18,Ready or Not 2: Here I Come,2026,https://boxd.it/MfY6,3.5
2026-05-18,Ready or Not,2019,https://boxd.it/kOf0,2.5
2026-05-18,Resident Evil,2002,https://boxd.it/28z2,3
2026-05-18,Resident Evil: Apocalypse,2004,https://boxd.it/28yS,2
2026-05-18,Resident Evil: Extinction,2007,https://boxd.it/20Oy,2
2026-05-18,Resident Evil: Afterlife,2010,https://boxd.it/1bVo,3.5
2026-05-18,Resident Evil: Retribution,2012,https://boxd.it/2qmK,2.5
2026-05-19,Resident Evil: The Final Chapter,2016,https://boxd.it/5lqS,3
2026-05-19,Detective Byomkesh Bakshy!,2015,https://boxd.it/anzM,4
2026-05-19,The Wild Robot,2024,https://boxd.it/IWFy,3.5
2026-05-20,Twelve Monkeys,1995,https://boxd.it/2beQ,4
2026-05-20,The Mexican,2001,https://boxd.it/226y,5
2026-05-20,Glengarry Glen Ross,1992,https://boxd.it/1Yw8,5
2026-05-21,Spy Game,2001,https://boxd.it/28Fk,3.5
2026-05-22,Awakenings,1990,https://boxd.it/1USu,3.5
2026-05-22,A Bronx Tale,1993,https://boxd.it/28uQ,4
2026-05-22,Sleepers,1996,https://boxd.it/29xw,2.5
2026-05-22,De Dana Dan,2009,https://boxd.it/1uXI,5
2026-05-22,Forgetting Sarah Marshall,2008,https://boxd.it/1XEq,1
2026-05-25,8 x 10 Tasveer,2009,https://boxd.it/1GvG,3.5
2026-05-29,The Thing,1982,https://boxd.it/294O,4
2026-05-29,Warrior,2011,https://boxd.it/i3G,2.5
2026-05-30,The Thing,2011,https://boxd.it/eS6,4
2026-05-30,Captain Fantastic,2016,https://boxd.it/b2K2,4
2026-05-30,Lolita,1997,https://boxd.it/1XR0,2
2026-05-30,The Losers,2010,https://boxd.it/1ddo,2
2026-05-30,The Loft,2014,https://boxd.it/2nwM,4
2026-05-30,He Got Game,1998,https://boxd.it/1YBs,3
2026-05-31,Official Secrets,2019,https://boxd.it/dLxm,3.5
2026-05-31,Shock and Awe,2017,https://boxd.it/h6i4,4
2026-05-31,Marie Antoinette,2006,https://boxd.it/27Wa,0.5
2026-05-31,Saving Mr. Banks,2013,https://boxd.it/4vIq,3.5
2026-05-31,Minari,2020,https://boxd.it/mL9M,4
2026-05-31,Eastern Promises,2007,https://boxd.it/275q,4
2026-06-01,Mary Queen of Scots,2018,https://boxd.it/gkaG,4
2026-06-02,Looper,2012,https://boxd.it/ham,4
2026-06-03,Tom Clancy's Jack Ryan: Ghost War,2026,https://boxd.it/R7Ys,1
2026-06-03,Alfie,1966,https://boxd.it/1LU2,3.5
2026-06-03,In the Grey,2026,https://boxd.it/Grji,4.5
2026-06-03,American Beauty,1999,https://boxd.it/71Y,5
2026-06-04,Creep,2014,https://boxd.it/7l4c,2
2026-06-04,Fallen Angels,1995,https://boxd.it/1UkW,3
2026-06-04,Molly's Game,2017,https://boxd.it/dSl8,4
2026-06-05,Ronin,1998,https://boxd.it/20wa,3.5
2026-06-06,Obsession,2025,https://boxd.it/PNqo,4.5
2026-06-12,Michael,2026,https://boxd.it/zi5M,3
2026-06-12,Charlie Bartlett,2007,https://boxd.it/1ZY8,3.5
2026-06-16,Fracture,2007,https://boxd.it/220K,3
2026-06-19,Fractured,2019,https://boxd.it/kPL2,1
2026-06-19,Richard Jewell,2019,https://boxd.it/99Mg,2.5
2026-06-19,Braveheart,1995,https://boxd.it/2aTI,3
2026-06-20,The Untouchables,1987,https://boxd.it/2b6i,3.5
